Date,Open,High,Low,Close,Adj Close,Volume,3days_before_change
2018-04-12,20.000000,21.850000,19.120001,20.000000,20.000000,13102400,1.0230179551415834
2018-04-13,19.799999,20.820000,19.600000,20.600000,20.600000,1864700,1.0531697879943653
2018-04-16,20.879999,20.879999,19.900000,20.600000,20.600000,907900,1.0483460559796438
2018-04-17,20.549999,20.660000,19.000000,19.549999,19.549999,1152500,0.9913793099076729
2018-04-18,19.610001,20.420000,19.073999,19.559999,19.559999,885800,0.9779999500000001
2018-04-19,19.570000,19.719999,19.211000,19.650000,19.650000,463400,0.9974618783014274
2018-04-20,19.549999,19.730000,19.450001,19.719999,19.719999,300100,1.0056092806930506
2018-04-23,19.830000,20.100000,19.618000,20.000000,20.000000,341700,0.9861932452567433
2018-04-24,20.120001,20.120001,19.410000,19.700001,19.700001,308500,1.0045894949214944
2018-04-25,19.719999,19.730000,19.400000,19.610001,19.610001,272800,1.018172429906542
2018-04-26,19.680000,20.280001,19.601999,20.280001,20.280001,218800,1.031011743772242
2018-04-27,19.870001,20.219999,19.549999,19.610001,19.610001,573900,1.0010209800918837
2018-04-30,19.549999,19.879999,19.200001,19.260000,19.260000,211800,0.9796541200406919
2018-05-01,19.370001,19.891001,19.280001,19.670000,19.670000,149700,1.0061381588817473
2018-05-02,19.920000,20.190001,19.500000,19.590000,19.590000,220000,1.0176623376623377
2018-05-03,19.590000,20.020000,19.200001,19.660000,19.660000,283000,1.0076883649410557
2018-05-04,19.870001,19.980000,19.379000,19.549999,19.549999,145600,0.9878725625127558
2018-05-07,19.389999,19.469999,18.750000,19.250000,19.250000,417100,0.9605787943822957
2018-05-08,19.280001,19.660000,19.110001,19.510000,19.510000,167900,0.9677579365079366
2018-05-09,19.480000,19.900000,19.330000,19.790001,19.790001,123400,0.9949724482137984
2018-05-10,19.799999,20.180000,19.420000,20.040001,20.040001,169500,1.04266399805744
2018-05-11,20.080000,20.350000,19.510000,20.160000,20.160000,264400,1.04132226026228
2018-05-14,20.299999,20.350000,19.750000,19.889999,19.889999,160000,1.0101573382347722
2018-05-15,19.809999,19.844999,19.170000,19.219999,19.219999,193000,0.9771224707676665
2018-05-16,19.230000,19.709999,19.200001,19.360001,19.360001,108000,0.9862456437211229
2018-05-17,19.299999,19.750000,19.299999,19.690001,19.690001,68500,0.9979726811961479
2018-05-18,19.660000,20.020000,19.650000,19.670000,19.670000,99100,0.9830084957521239
2018-05-21,19.639999,19.739000,19.329000,19.629999,19.629999,153800,0.9343169443122322
2018-05-22,19.660000,19.770000,19.660000,19.730000,19.730000,131200,0.92196261682243
2018-05-23,19.600000,20.299000,19.580000,20.010000,20.010000,301700,0.9680696661828737
2018-05-24,20.000000,21.240000,19.650000,21.010000,21.010000,309000,0.9576116245391239
2018-05-25,20.969999,22.188999,20.969999,21.400000,21.400000,410000,0.9648331830477908
2018-05-29,21.400000,21.510000,20.000000,20.670000,20.670000,329600,0.7829545454545456
2018-05-30,20.900000,22.010000,20.670000,21.940001,21.940001,316300,0.7830121698786581
2018-05-31,21.840000,22.959999,21.670000,22.180000,22.180000,429800,0.7771548431270202
2018-06-01,23.120001,27.500000,22.219999,26.400000,26.400000,2136900,0.8741721564843656
2018-06-04,29.160000,29.879999,27.299999,28.020000,28.020000,1969200,1.0079137053206368
2018-06-05,28.709999,29.930000,28.170000,28.540001,28.540001,1187800,0.9763941498460486
2018-06-06,28.900000,31.000000,28.680000,30.200001,30.200001,1076100,0.9578179524954662
2018-06-07,30.740000,30.777000,27.150000,27.799999,27.799999,1050500,0.9586206551724138
2018-06-08,28.040001,29.570000,28.010000,29.230000,29.230000,535300,0.9828513786146604
2018-06-11,29.469999,32.549999,29.280001,31.530001,31.530001,1168400,1.0060625717932354
2018-06-12,32.290001,33.080002,28.969999,29.000000,29.000000,1369100,0.8374241744896282
2018-06-13,29.750000,30.150000,29.100000,29.740000,29.740000,1000600,0.8018333782690751
2018-06-14,30.750000,32.970001,30.580000,31.340000,31.340000,1525400,0.935243266800553
2018-06-15,31.549999,36.000000,31.250000,34.630001,34.630001,4141900,1.0818495208903167
2018-06-18,35.060001,37.779999,34.110001,37.090000,37.090000,3329400,1.2706405868228645
2018-06-19,36.060001,37.689999,32.660000,33.509998,33.509998,2736700,1.2123733434288475
2018-06-20,35.840000,35.869999,32.000000,32.009998,32.009998,1720900,1.1161087168758719
2018-06-21,31.959999,32.049999,28.879999,29.190001,29.190001,2759400,1.0626138355520143
2018-06-22,29.639999,29.910000,26.600000,27.639999,27.639999,2570700,1.025222552864338
2018-06-25,26.670000,29.000000,26.280001,28.680000,28.680000,1873900,1.012354394634663
2018-06-26,29.000000,30.100000,27.090000,27.469999,27.469999,1553800,1.0099263966938825
2018-06-27,27.600000,28.490000,26.459999,26.959999,26.959999,1651400,0.9462969111969113
2018-06-28,26.760000,28.480000,26.660000,28.330000,28.330000,1099800,1.0003531073446328
2018-06-29,28.690001,30.680000,27.190001,27.200001,27.200001,1842200,1.0172027299925206
2018-07-02,27.540001,28.680000,27.180000,28.490000,28.490000,1552700,1.0828582699680072
2018-07-03,28.400000,28.825001,27.650000,28.320000,28.320000,649700,1.0863060989643267
2018-07-05,28.370001,28.990000,26.680000,26.740000,26.740000,1516800,1.0790960016506859
2018-07-06,27.080000,27.690001,25.820000,26.309999,26.309999,1219100,1.084501195383347
2018-07-09,26.709999,27.000000,25.610001,26.070000,26.070000,1331400,1.0069525302028788
2018-07-10,26.410000,26.500000,24.549999,24.780001,24.780001,2243900,0.9645776580545871
2018-07-11,24.299999,25.049999,24.120001,24.260000,24.260000,1628100,0.9938549774682508
2018-07-12,24.510000,26.700001,24.150000,25.889999,25.889999,1934400,0.9740405944319037
2018-07-13,25.790001,25.940001,23.870001,25.690001,25.690001,1487000,0.9451803164091244
2018-07-16,25.230000,25.480000,24.250000,24.410000,24.410000,1051200,0.9457574949925415
2018-07-17,24.299999,26.870001,24.290001,26.580000,26.580000,1740600,1.0518401266323703
2018-07-18,26.850000,27.990000,26.120001,27.180000,27.180000,1658400,1.024114505496816
2018-07-19,27.090000,27.660000,25.500000,25.809999,25.809999,1400000,1.0221781782178219
2018-07-20,26.000000,26.469999,25.219999,25.270000,25.270000,929900,0.9604713401927533
2018-07-23,25.219999,26.639999,24.620001,26.540001,26.540001,905700,1.019592776811649
2018-07-24,26.799999,27.441000,25.010000,25.250000,25.250000,1086500,1.0051751192207357
2018-07-25,25.450001,26.450001,25.410000,26.309999,26.309999,752400,1.1474051024858265
2018-07-26,25.740000,26.740000,25.430000,26.030001,26.030001,431500,1.0611496102262694
2018-07-27,26.180000,26.549999,24.660000,25.120001,25.120001,1027200,1.0219691212367779
2018-07-30,25.120001,25.379999,22.879999,22.930000,22.930000,1369100,0.8877274487030585
2018-07-31,23.500000,25.200001,22.500000,24.530001,24.530001,1920200,0.9741859015091342
2018-08-01,24.180000,25.138000,23.770000,24.580000,24.580000,848800,0.8778571428571428
2018-08-02,24.370001,26.000000,24.000000,25.830000,25.830000,1118100,0.9427007299270073
2018-08-03,26.530001,26.559999,25.000000,25.180000,25.180000,955300,0.9420127197904975
2018-08-06,25.280001,28.230000,25.260000,28.000000,28.000000,1398100,0.9929077662089445
2018-08-07,28.840000,29.340000,27.000000,27.400000,27.400000,1033000,0.963770664790714
2018-08-08,27.559999,27.945999,26.110001,26.730000,26.730000,484200,0.9098026177604703
2018-08-09,27.290001,28.990000,27.059999,28.200001,28.200001,1388000,0.9224730454694144
2018-08-10,28.000000,29.950001,27.660000,28.430000,28.430000,1274000,0.9476666666666667
2018-08-13,28.809999,29.930000,28.750000,29.379999,29.379999,1236200,0.968358569545155
2018-08-14,29.750000,30.879999,28.600000,30.570000,30.570000,1625600,1.048713550600343
2018-08-15,29.840000,30.750000,29.000000,30.000000,30.000000,920800,1.0600707088364207
2018-08-16,30.500000,30.549999,29.730000,30.340000,30.340000,978500,1.05347225880112
2018-08-17,29.709999,30.290001,28.830000,29.150000,29.150000,1352800,0.9808210289643683
2018-08-20,29.900000,29.990000,28.055000,28.299999,28.299999,971000,0.9380178654292343
2018-08-21,28.280001,29.330000,28.231001,28.799999,28.799999,979800,0.8627920352668653
2018-08-22,28.389999,30.000000,28.337000,29.719999,29.719999,761900,0.8467236664799811
2018-08-23,29.870001,30.850000,29.170000,30.170000,30.170000,1047100,0.9329004329004329
2018-08-24,30.379999,33.480000,30.322001,33.380001,33.380001,1821700,0.9994011677005289
2018-08-27,35.310001,35.650002,33.720001,35.099998,35.099998,2239600,1.0320493991208113
2018-08-28,35.450001,35.682999,32.220001,32.340000,32.340000,2711300,1.17258883248731
2018-08-29,33.367001,33.750000,31.344999,33.400002,33.400002,1726800,1.198851428612655
2018-08-30,33.419998,34.750000,32.014999,34.009998,34.009998,2454500,1.3161763931888546
2018-08-31,29.129999,29.200001,27.530001,27.580000,27.580000,8608400,1.1014376556933843
2018-09-04,27.700001,28.389999,26.211000,27.860001,27.860001,3298500,1.0912651746468793
2018-09-05,27.049999,27.150000,25.200001,25.840000,25.840000,4166600,1.0474260235103363
2018-09-06,26.040001,26.100000,24.530001,25.040001,25.040001,2424200,0.9815758918071344
2018-09-07,25.000000,26.230000,24.080000,25.530001,25.530001,2054600,0.9815455978469818
2018-09-10,25.500000,25.639999,24.240000,24.670000,24.670000,1551800,0.9644253322908524
2018-09-11,24.780001,26.020000,24.500000,25.510000,25.510000,1191200,1.0357288280848083
2018-09-12,25.840000,26.209999,25.065001,26.010000,26.010000,1306300,1.0788054301615335
2018-09-13,26.290001,26.430000,25.320000,25.580000,25.580000,1659200,1.0973831444608813
2018-09-14,25.580000,25.809999,24.500000,24.629999,24.629999,1379700,1.0750763422086427
2018-09-17,24.350000,24.950001,23.799999,24.110001,24.110001,972600,1.0487168769030013
2018-09-18,24.290001,24.480000,23.100000,23.309999,23.309999,1749300,0.9978595035162884
2018-09-19,23.350000,23.420000,22.260000,22.910000,22.910000,2018300,0.9991277802006105
2018-09-20,22.770000,23.450001,21.799999,22.990000,22.990000,3060500,1.0327942497753817
2018-09-21,23.389999,24.000000,22.590000,23.360001,23.360001,1880700,1.0414623718234508
2018-09-24,23.190001,23.469999,22.820000,22.930000,22.930000,975600,1.0017475317495645
2018-09-25,22.730000,23.250000,22.200001,22.260000,22.260000,1748100,0.9632193438676182
2018-09-26,22.299999,22.700001,22.020000,22.430000,22.430000,1618600,1.0447136024552213
2018-09-27,22.500000,23.049999,22.370001,22.889999,22.889999,1146000,1.0843201286442383
2018-09-28,22.790001,23.400000,22.170000,23.110001,23.110001,1366600,1.095260710900474
2018-10-01,23.070000,23.110001,21.410000,21.469999,21.469999,3167000,1.0070356003752345
2018-10-02,21.580000,21.860001,20.410000,21.110001,21.110001,1719700,0.9976370982986767
2018-10-03,20.709999,21.430000,20.420000,21.100000,21.100000,2058000,1.058174470502785
2018-10-04,20.889999,21.499001,20.520000,21.320000,21.320000,1627900,1.0849872773536897
2018-10-05,21.260000,21.480000,20.690001,21.160000,21.160000,1474200,1.143165856293895
2018-10-08,20.889999,21.240000,19.770000,19.940001,19.940001,2119400,1.1183399326977006
2018-10-09,19.500000,20.100000,18.969999,19.650000,19.650000,4978200,1.085635359116022
2018-10-10,19.280001,20.110001,18.150000,18.510000,18.510000,2509600,0.935320821863526
2018-10-11,18.500000,18.920000,17.719999,17.830000,17.830000,2634100,0.852702056432329
2018-10-12,19.209999,19.209999,17.959999,18.100000,18.100000,2350300,0.8689390302448393
2018-10-15,18.030001,20.299999,17.730000,19.790001,19.790001,3176800,0.9468900000000001
2018-10-16,20.450001,21.100000,19.809999,20.910000,20.910000,2125200,1.0455
2018-10-17,21.070000,21.250000,20.000999,20.830000,20.830000,1252100,1.0737113402061855
2018-10-18,20.719999,21.309999,20.257000,20.900000,20.900000,1174300,1.0723447922011289
2018-10-19,21.084999,21.290001,19.780001,20.000000,20.000000,1828700,1.1166945840312674
2018-10-22,20.110001,20.209999,19.209999,19.400000,19.400000,1180900,1.0041407867494823
2018-10-23,18.870001,19.790001,18.580000,19.490000,19.490000,859500,1.0241723056136465
2018-10-24,19.450001,19.690001,17.870001,17.910000,17.910000,1173600,0.9702059030447402
2018-10-25,18.120001,19.620001,17.870001,19.320000,19.320000,1395600,0.9984496124031007
2018-10-26,18.510000,19.490000,18.451000,19.030001,19.030001,1063600,0.9319295298726737
2018-10-29,19.549999,19.940001,18.180000,18.459999,18.459999,1141600,0.8961164563106795
2018-10-30,18.490000,19.350000,18.400000,19.350000,19.350000,1110400,0.9311837857948131
2018-10-31,19.709999,20.510000,19.500999,20.420000,20.420000,1718100,0.985997150458578
2018-11-01,20.520000,20.900000,20.010000,20.600000,20.600000,1264700,0.9903846629992628
2018-11-02,20.799999,21.275000,20.490000,20.780001,20.780001,1342100,0.9669614239181015
2018-11-05,20.940001,21.025000,20.239000,20.709999,20.709999,600700,0.9478260411899313
2018-11-06,20.870001,21.190001,20.500000,20.799999,20.799999,786400,0.9918931803477911
2018-11-07,21.240000,21.510000,20.850000,21.490000,21.490000,1770100,1.0570585341859322
2018-11-08,21.500000,22.020000,21.100000,21.850000,21.850000,1211200,1.0679374911015391
2018-11-09,21.440001,21.700001,20.379999,20.969999,20.969999,1010600,1.0254277738177129
2018-11-12,20.930000,21.100000,20.000000,20.330000,20.330000,796000,0.9558062999529854
2018-11-13,20.480000,21.100000,20.219999,20.459999,20.459999,670800,0.986975349734684
2018-11-14,20.780001,21.000000,20.311001,20.450001,20.450001,855200,1.1514640202702702
2018-11-15,20.370001,21.379999,20.260000,21.270000,21.270000,819400,1.2224137931034484
2018-11-16,21.049999,21.510000,20.389999,20.730000,20.730000,780600,1.1738391845979614
2018-11-19,20.730000,20.799999,17.709999,17.760000,17.760000,2166200,0.9905186837702176
2018-11-20,16.520000,17.770000,16.000000,17.400000,17.400000,2011800,0.9240573552841211
2018-11-21,17.790001,18.000000,17.370001,17.660000,17.660000,822600,0.9418666666666666
2018-11-23,17.299999,18.299999,17.209000,17.930000,17.930000,397700,0.8965
2018-11-26,18.200001,18.969999,18.044001,18.830000,18.830000,849800,0.9158560756739335
2018-11-27,18.610001,19.240000,18.473000,18.750000,18.750000,939000,0.9852863381352425
2018-11-28,19.240000,20.180000,18.910000,20.000000,20.000000,1575800,1.0389610389610389
2018-11-29,20.240000,20.690001,19.709999,20.559999,20.559999,2824100,1.135911546961326
2018-11-30,19.129999,20.500000,18.347000,19.030001,19.030001,3640600,1.0269832689161755
2018-12-03,20.200001,20.230000,18.809999,19.250000,19.250000,1596200,1.0611907971990517
2018-12-04,18.910000,18.910000,18.000000,18.100000,18.100000,2027600,1.0027701386576255
2018-12-06,17.900000,18.530001,17.549999,18.530001,18.530001,1374700,1.003248619558669
2018-12-07,18.430000,18.566999,17.809999,18.139999,18.139999,1022500,0.969017092362024
2018-12-10,18.040001,18.620001,17.790001,18.049999,18.049999,1192800,0.9972375138121546
2018-12-11,18.590000,19.500000,17.900000,18.469999,18.469999,1885000,1.0126095942982458
2018-12-12,18.580000,19.080000,18.580000,18.719999,18.719999,1912000,1.15913306501548
2018-12-13,18.900000,19.090000,18.000000,18.100000,18.100000,1024600,1.077381016510775
2018-12-14,17.870001,18.530001,17.650000,18.240000,18.240000,1039200,1.0410958904109588
2018-12-17,17.870001,18.080000,16.100000,16.150000,16.150000,2642200,0.947769897431344
2018-12-18,16.570000,17.100000,16.400000,16.799999,16.799999,1970400,1.0447760572139304
2018-12-19,16.770000,18.360001,16.709999,17.520000,17.520000,2647500,1.0709045800180574
2018-12-20,18.230000,18.440001,16.690001,17.040001,17.040001,1987600,0.9567659717442993
2018-12-21,17.059999,17.059999,15.880000,16.080000,16.080000,2518300,0.8983240223463687
2018-12-24,15.670000,16.850000,15.560000,16.360001,16.360001,550000,0.9269122379603401
2018-12-26,16.680000,17.820000,16.370001,17.809999,17.809999,1092300,0.981808157762302
2018-12-27,17.309999,17.920000,16.620001,17.900000,17.900000,1011200,0.9835164294771191
2018-12-28,17.940001,18.160000,17.410000,17.650000,17.650000,1141000,0.9983031674208144
2018-12-31,17.950001,18.150000,17.760000,18.139999,18.139999,1125500,0.9778975729324837
2019-01-02,17.700001,18.670000,17.650000,18.200001,18.200001,1039500,0.93381226269882
2019-01-03,17.860001,18.209999,17.270000,17.680000,17.680000,766700,0.8956433637284702
2019-01-04,18.090000,18.660000,17.959999,18.549999,18.549999,1355300,0.9330985881840336
2019-01-07,18.830000,19.850000,18.760000,19.490000,19.490000,1602600,0.977922729553437
2019-01-08,19.940001,19.940001,19.320000,19.740000,19.740000,889700,0.9884827735845153
2019-01-09,19.900000,20.000000,19.711000,19.879999,19.879999,1011200,1.0055639352554375
2019-01-10,19.680000,20.110001,19.120001,19.930000,19.930000,1870700,0.97314453125
2019-01-11,19.840000,19.990000,19.639999,19.969999,19.969999,591600,0.9886137629399128
2019-01-14,19.900000,19.950001,19.500000,19.770000,19.770000,651600,0.9523121387283237
2019-01-15,19.840000,20.500000,19.660000,20.480000,20.480000,1278600,0.968779610632905
2019-01-16,20.250000,20.750000,19.860001,20.200001,20.200001,1442300,0.9465792408622306
2019-01-17,20.150000,20.950001,20.047001,20.760000,20.760000,1580600,1.0161527165932454
2019-01-18,20.950001,21.600000,20.900000,21.139999,21.139999,2241700,1.0367827384395654
2019-01-22,20.920000,21.549999,20.610001,21.340000,21.340000,892500,0.9990636236393434
2019-01-23,21.500000,21.639999,19.920000,20.430000,20.430000,1029000,0.9668717920904776
2019-01-24,20.350000,20.660000,19.820000,20.389999,20.389999,788000,0.9770003844273893
2019-01-25,20.480000,21.480000,20.209999,21.360001,21.360001,1479300,1.0009372539831303
2019-01-28,21.049999,21.379999,20.850000,21.129999,21.129999,643100,0.976432531258435
2019-01-29,21.139999,21.309999,20.860001,20.870001,20.870001,421300,0.9862949432892248
2019-01-30,21.240000,21.480000,20.900000,21.340000,21.340000,650100,0.9976625057345725
2019-01-31,21.379999,22.445000,21.280001,21.639999,21.639999,1216800,1.0116877050812392
2019-02-01,21.230000,21.400000,20.500000,21.160000,21.160000,1249600,1.03068674960123
2019-02-04,20.980000,21.850000,20.980000,21.389999,21.389999,543000,1.0273774735830932
2019-02-05,21.500000,21.719999,21.020000,21.389999,21.389999,1307500,1.0042253523110494
2019-02-06,21.389999,21.510000,20.290001,20.530001,20.530001,1143600,1.0128268870251602
2019-02-07,20.389999,20.980000,19.799999,20.820000,20.820000,1321200,1.006769825918762
2019-02-08,20.600000,21.490000,20.583000,21.299999,21.299999,934000,1.0056656751652502
2019-02-11,21.459999,21.459999,20.080000,20.270000,20.270000,1199400,0.900488671701466
2019-02-12,20.540001,20.900000,20.400000,20.680000,20.680000,663900,0.9191111111111111
2019-02-13,20.830000,21.469999,20.820000,21.180000,21.180000,1043300,0.9121447421250964
2019-02-14,21.000000,22.844999,21.000000,22.510000,22.510000,2648500,0.9710957722174289
2019-02-15,22.600000,23.020000,22.410000,22.500000,22.500000,1324200,0.9652510066602747
2019-02-19,22.540001,23.500000,22.320000,23.219999,23.219999,1430000,0.9687108873054188
2019-02-20,23.250000,23.700001,23.040001,23.180000,23.180000,1624300,0.9562706270627063
2019-02-21,23.139999,23.450001,22.389999,23.309999,23.309999,830400,0.9860406085465571
2019-02-22,23.690001,24.070000,23.520000,23.969999,23.969999,1741100,0.9763747444551831
2019-02-25,24.280001,24.469999,23.650000,24.240000,24.240000,1641300,1.02020202020202
2019-02-26,24.280001,24.480000,23.510000,23.639999,23.639999,1185700,1.0098248184536522
2019-02-27,23.660000,24.650000,23.270000,24.549999,24.549999,1259000,1.0762823356546398
2019-02-28,24.440001,24.540001,23.750000,23.760000,23.760000,916300,1.056
2019-03-01,24.090000,24.200001,23.360001,23.410000,23.410000,1813100,1.0450892857142857
2019-03-04,23.700001,23.719999,21.629999,22.809999,22.809999,1806400,0.9926022193211489
2019-03-05,22.709999,22.799999,22.040001,22.500000,22.500000,2156000,0.9765624576144767
2019-03-06,22.330000,23.299999,22.250000,22.400000,22.400000,957400,0.9511677686270814
2019-03-07,22.400000,23.600000,22.309999,22.980000,22.980000,1130400,0.9770408163265306
2019-03-08,22.650000,23.450001,22.360001,23.040001,23.040001,1086800,0.9750318228959721
2019-03-11,23.100000,24.170000,23.100000,23.549999,23.549999,1540600,1.0021276170212765
2019-03-12,23.650000,24.049999,23.400000,23.520000,23.520000,1250600,1.0046988466467321
2019-03-13,23.580000,24.219999,23.450001,23.629999,23.629999,1479700,1.0247181276980974
2019-03-14,23.580000,24.000000,23.280001,23.500000,23.500000,1010800,1.0029876227059327
2019-03-15,23.549999,23.850000,23.090000,23.410000,23.410000,1293000,0.9860994102780118
2019-03-18,23.639999,23.740000,22.770000,23.059999,23.059999,1050600,0.947801027538019
2019-03-19,24.000000,24.410000,23.309999,23.430000,23.430000,2485600,1.12051649928264
2019-03-20,23.830000,24.230000,23.400000,23.740000,23.740000,1830300,1.1642962807403767
2019-03-21,23.820000,24.434000,23.680000,24.330000,24.330000,5054500,1.2489733059548254
2019-03-22,22.280001,23.969999,20.280001,20.910000,20.910000,10602400,1.0890624432779978
2019-03-25,20.750000,20.820000,19.510000,20.389999,20.389999,3656100,1.0451050230650947
2019-03-26,20.040001,20.250000,19.129999,19.480000,19.480000,5074300,0.9725411396634479
2019-03-27,19.230000,19.340000,18.129999,19.200001,19.200001,4557900,0.9756098069105691
2019-03-28,19.219999,20.030001,18.870001,19.510000,19.510000,2057200,0.9634567901234569
2019-03-29,19.760000,20.129999,19.379999,20.030001,20.030001,2547700,0.9732750728862974
2019-04-01,20.200001,20.299999,19.570000,19.680000,19.680000,2698400,0.9771599293525288
2019-04-02,19.730000,20.309999,19.600000,20.250000,20.250000,1878400,1.0049627791563276
2019-04-03,20.400000,20.950001,20.219999,20.580000,20.580000,2029100,1.0173010380622836
2019-04-04,20.540001,20.870001,19.700001,20.139999,20.139999,2252300,1.0233739329268292
2019-04-05,20.120001,20.520000,20.059999,20.150000,20.150000,1360200,1.0181909541085925
2019-04-08,20.129999,20.309999,19.740000,20.230000,20.230000,907600,1.026903501172411
2019-04-09,20.070000,20.270000,19.629999,19.680000,19.680000,720300,1.017580144777663
2019-04-10,19.650000,20.139999,19.620001,19.790001,19.790001,852100,1.021155935044166
2019-04-11,19.870001,20.000000,19.670000,19.700001,19.700001,670200,1.0107748075936378
2019-04-12,19.760000,19.879000,19.180000,19.340000,19.340000,1415700,0.9892583626219111
2019-04-15,19.250000,19.629999,19.049999,19.379999,19.379999,851900,1.008324662243739
2019-04-16,19.370001,19.740000,18.850000,19.490000,19.490000,1422000,1.00879917184265
2019-04-17,19.740000,19.799999,18.830000,19.549999,19.549999,1687800,0.9779889444722362
2019-04-18,19.389999,19.639999,18.879999,19.219999,19.219999,1350500,0.9586034892071567
2019-04-22,19.070000,19.500000,18.950001,19.320000,19.320000,883400,0.9087488240827846
2019-04-23,19.400000,20.129999,19.322001,19.990000,19.990000,1320400,0.9362997658079624
2019-04-24,20.200001,20.400000,19.870001,20.049999,20.049999,1332000,0.9068294026761916
2019-04-25,20.549999,21.850000,20.549999,21.260000,21.260000,4727600,0.9619909502262444
2019-04-26,21.450001,21.950001,21.209999,21.350000,21.350000,1950000,0.9985968661644933
2019-04-29,21.410000,22.370001,21.410000,22.110001,22.110001,2141900,1.0351123579067247
2019-04-30,22.010000,22.650000,21.940001,22.100000,22.100000,1146300,0.9937050359712232
2019-05-01,22.209999,22.268999,21.010000,21.379999,21.379999,1658900,0.9348490627525553
2019-05-02,21.450001,21.770000,21.010000,21.360001,21.360001,1110400,0.9665158823529412
2019-05-03,21.540001,22.330000,21.400000,22.240000,22.240000,1148900,0.9991015274034141
2019-05-06,21.780001,23.040001,21.360001,22.870001,22.870001,2885400,1.018708239701192
2019-05-07,22.500000,22.980000,21.680000,22.100000,22.100000,1616300,0.9888143176733781
2019-05-08,22.100000,22.840000,22.030001,22.260000,22.260000,1249700,1.053478516492121
2019-05-09,21.940001,22.805000,21.150000,22.450001,22.450001,1372700,1.029344430506393
2019-05-10,22.219999,22.480000,21.379999,22.350000,22.350000,1369900,1.0049460431654678
2019-05-13,21.820000,21.931000,20.990000,21.129999,21.129999,1135500,0.9366134723676185
2019-05-14,21.309999,21.930000,21.209999,21.809999,21.809999,1095300,0.9767128974473803
2019-05-15,21.610001,22.450001,21.603001,22.240000,22.240000,892100,1.0081596105240076
2019-05-16,22.270000,23.000000,22.270000,22.559999,22.559999,1357800,0.9986719344842852
2019-05-17,22.340000,22.889999,22.059999,22.330000,22.330000,777700,0.9973202767896505
2019-05-20,22.000000,22.230000,21.664000,22.059999,22.059999,953300,1.0605769259892754
2019-05-21,22.299999,22.790001,22.219999,22.590000,22.590000,1599100,1.05807962529274
2019-05-22,22.530001,22.840000,22.290001,22.389999,22.389999,1036800,1.0477303674435954
2019-05-23,22.100000,22.170000,20.320000,20.799999,20.799999,3787300,1.022112972972973
2019-05-24,21.090000,21.370001,20.809999,21.350000,21.350000,1172500,1.0728643216080402
2019-05-28,21.320000,22.010000,21.190001,21.370001,21.370001,2190100,1.5275197283774122
2019-05-29,21.270000,21.309999,20.059999,20.350000,20.350000,2474500,1.5346907993966818
2019-05-30,20.540001,20.870001,19.732000,19.900000,19.900000,3951000,1.3916083916083914
2019-05-31,13.360000,14.240000,13.350000,13.990000,13.990000,18995200,0.9866008462623413
2019-06-03,14.000000,14.020000,13.040000,13.260000,13.260000,8121700,0.9100892244337679
2019-06-04,13.600000,14.440000,13.450000,14.300000,14.300000,3076100,0.9821428571428572
2019-06-05,14.550000,14.650000,13.960000,14.180000,14.180000,2229900,0.9607046070460704
2019-06-06,14.160000,14.720000,14.100000,14.570000,14.570000,2180700,1.028228652081863
2019-06-07,14.500000,14.980000,14.400000,14.560000,14.560000,2069600,0.9726118904475618
2019-06-10,14.810000,15.470000,14.650000,14.760000,14.760000,3202800,0.9879518072289157
2019-06-11,14.870000,14.916000,14.150000,14.170000,14.170000,2441000,0.9619823489477257
2019-06-12,14.020000,15.180000,14.000000,14.970000,14.970000,3071100,0.9658064516129032
2019-06-13,15.200000,15.290000,14.680000,14.940000,14.940000,1242900,0.9540229885057471
2019-06-14,14.800000,14.850000,14.400000,14.730000,14.730000,1297200,0.9258328095537398
2019-06-17,14.730000,15.640000,14.730000,15.500000,15.500000,1852200,0.9866327180140038
2019-06-18,15.530000,16.000000,15.470000,15.660000,15.660000,1432000,0.9842866121935889
2019-06-19,15.660000,16.278999,15.630000,15.910000,15.910000,1396900,1.0522486772486772
2019-06-20,16.150000,16.299999,15.500000,15.710000,15.710000,1536400,1.0550705171255876
2019-06-21,15.730000,16.000000,15.500000,15.910000,15.910000,3802300,1.0793758480325644
2019-06-24,15.880000,15.940000,15.000000,15.120000,15.120000,1745300,1.0059880239520957
2019-06-25,15.040000,15.095000,14.610000,14.890000,14.890000,1663700,0.9719321148825065
2019-06-26,15.000000,15.390000,14.600000,14.740000,14.740000,1205700,0.9534282018111254
2019-06-27,14.750000,15.230000,14.710000,15.030000,15.030000,1262800,0.9482649842271293
2019-06-28,15.030000,15.390000,14.935000,15.320000,15.320000,13166400,0.9551121599057257
2019-07-01,15.460000,15.885000,15.350000,15.460000,15.460000,2005400,0.9596523302512521
2019-07-02,15.470000,15.895000,15.150000,15.850000,15.850000,1251900,0.9875390023388787
2019-07-03,15.900000,16.250000,15.720000,16.040001,16.040001,863200,0.980440098995104
2019-07-05,15.820000,16.160000,15.710000,16.110001,16.110001,771300,0.9793313082473369
2019-07-08,15.970000,16.180000,15.843000,16.049999,16.049999,870200,0.9816513149847094
2019-07-09,15.910000,16.379999,15.760000,16.360001,16.360001,998000,0.998169737533236
2019-07-10,16.370001,16.745001,16.260000,16.450001,16.450001,762400,1.0079657475490196
2019-07-11,16.450001,16.549999,16.110001,16.350000,16.350000,724600,1.0374365482233503
2019-07-12,16.400000,16.570000,16.120001,16.389999,16.389999,727300,1.058785465116279
2019-07-15,16.480000,16.650000,16.260000,16.320000,16.320000,708800,1.053582956746288
2019-07-16,16.600000,16.649000,15.650000,15.760000,15.760000,1310400,1.0293925538863486
2019-07-17,15.800000,16.061001,15.400000,15.480000,15.480000,1309400,1.0045425048669696
2019-07-18,15.380000,15.490000,14.970000,15.490000,15.490000,1115300,1.0265076209410207
2019-07-19,15.630000,15.790000,15.170000,15.310000,15.310000,734200,0.9948018193632229
2019-07-22,15.390000,15.510000,15.170000,15.410000,15.410000,470600,1.00718954248366
2019-07-23,15.480000,15.480000,15.075000,15.090000,15.090000,753400,0.9704180064308681
2019-07-24,15.090000,15.470000,15.000000,15.390000,15.390000,1371500,1.013166556945359
2019-07-25,15.380000,15.900000,15.200000,15.300000,15.300000,1138800,0.9870967741935485
2019-07-26,15.420000,15.880000,15.325000,15.550000,15.550000,815700,1.0359760159893405
2019-07-29,15.600000,15.692000,14.820000,15.190000,15.190000,908500,1.0235849056603774
2019-07-30,15.060000,15.580000,14.930000,15.500000,15.500000,646300,1.0451786918408632
2019-07-31,15.530000,15.630000,14.840000,15.010000,15.010000,843800,1.075214899713467
2019-08-01,15.060000,15.407000,14.670000,14.840000,14.840000,1109000,1.0584878744650499
2019-08-02,14.780000,14.945000,14.420000,14.830000,14.830000,999400,1.043631245601689
2019-08-05,14.130000,14.210000,13.420000,13.960000,13.960000,1683200,0.9667590027700832
2019-08-06,14.140000,14.320000,13.830000,14.020000,14.020000,746800,0.9978647686832739
2019-08-07,13.910000,14.330000,13.670000,14.210000,14.210000,624200,1.0267341040462428
2019-08-08,14.270000,14.880000,14.230000,14.440000,14.440000,841400,1.0388489208633094
2019-08-09,14.400000,14.540000,13.980000,14.050000,14.050000,760100,1.022561863173217
2019-08-12,13.900000,14.050000,13.720000,13.840000,13.840000,597600,1.039039039039039
2019-08-13,13.800000,14.320000,13.710000,13.900000,13.900000,1120300,1.0265878877400296
2019-08-14,13.700000,13.880000,13.320000,13.740000,13.740000,1188600,1.0051207022677395
2019-08-15,13.750000,13.810000,13.060000,13.320000,13.320000,1258900,0.9645184648805214
2019-08-16,13.460000,13.900000,13.420000,13.540000,13.540000,2426500,0.9643874643874644
2019-08-19,13.780000,13.925000,13.555000,13.670000,13.670000,1171300,0.9566130160951715
2019-08-20,13.630000,13.925000,13.530000,13.810000,13.810000,902500,0.9732205778717408
2019-08-21,13.930000,14.453000,13.910000,14.040000,14.040000,1216400,0.981132075471698
2019-08-22,14.110000,14.410000,13.990000,14.290000,14.290000,1110200,1.0207142857142857
2019-08-23,14.280000,14.670000,14.095000,14.190000,14.190000,1147600,1.018664752333094
2019-08-26,14.330000,14.430000,13.930000,14.310000,14.310000,1118000,0.9616935483870968
2019-08-27,14.450000,14.500000,13.710000,14.000000,14.000000,1744900,0.9302325581395349
2019-08-28,13.800000,13.960000,13.431000,13.930000,13.930000,2345000,0.9680333564975677
2019-08-29,15.240000,15.510000,14.310000,14.880000,14.880000,3453300,1.0143149284253579
2019-08-30,15.080000,15.400000,14.820000,15.050000,15.050000,1849400,1.0080375083724047
2019-09-03,14.970000,14.970000,14.330000,14.390000,14.390000,1544400,0.9399085564990203
2019-09-04,14.660000,14.830000,14.440000,14.670000,14.670000,1097600,0.9489003880983182
2019-09-05,14.910000,15.070000,14.560000,14.930000,14.930000,1041200,0.9395846444304593
2019-09-06,15.100000,15.450000,14.640000,15.310000,15.310000,1261000,0.9739185750636132
2019-09-09,15.390000,15.870000,15.140000,15.460000,15.460000,1279100,1.0078226857887875
2019-09-10,15.300000,15.950000,15.130000,15.890000,15.890000,968900,1.0460829493087558
2019-09-11,15.750000,16.000000,15.270000,15.720000,15.720000,1481000,1.0267798824297845
2019-09-12,15.660000,15.930000,15.290000,15.340000,15.340000,1273400,0.9770700636942675
2019-09-13,15.240000,15.505000,15.130000,15.190000,15.190000,873000,0.9806326662362814
2019-09-16,14.790000,15.330000,14.760000,15.310000,15.310000,1475800,0.9714467005076143
2019-09-17,15.330000,15.775000,15.260000,15.700000,15.700000,1705600,0.9968253968253967
2019-09-18,15.670000,15.700000,15.210000,15.490000,15.490000,1092900,0.992948717948718
2019-09-19,15.500000,15.970000,15.500000,15.760000,15.760000,810500,1.038892551087673
2019-09-20,15.750000,16.000000,15.570000,15.750000,15.750000,3576400,1.0334645669291338
2019-09-23,15.630000,15.830000,15.400000,15.600000,15.600000,1305200,0.975609756097561
2019-09-24,15.720000,15.720000,15.030000,15.170000,15.170000,1358100,1.004635761589404
2019-09-25,15.180000,15.370000,14.950000,15.240000,15.240000,1675600,1.0126245847176079
2019-09-26,15.230000,16.590000,15.070000,15.990000,15.990000,3679000,1.091467576791809
2019-09-27,16.219999,16.379999,14.810000,15.100000,15.100000,2199600,1.0378006872852232
2019-09-30,15.150000,15.319000,14.650000,15.050000,15.050000,1144100,0.997349237905898
2019-10-01,15.050000,15.340000,14.610000,14.650000,14.650000,1399200,0.9747172322022623
2019-10-02,14.470000,14.700000,14.160000,14.550000,14.550000,1359100,0.9817813765182186
2019-10-03,14.540000,15.230000,14.400000,15.090000,15.090000,847700,1.041407867494824
2019-10-04,15.090000,15.280000,14.900000,15.030000,15.030000,763800,1.0344115622849277
2019-10-07,15.000000,15.190000,14.750000,14.820000,14.820000,1066700,1.0206611570247934
2019-10-08,14.630000,14.760000,14.300000,14.490000,14.490000,572800,0.9884038199181446
2019-10-09,14.610000,14.860000,14.410000,14.530000,14.530000,641100,1.024682651622003
2019-10-10,14.550000,14.860000,14.400000,14.520000,14.520000,654700,1.0239774330042313
2019-10-11,14.670000,14.940000,14.500000,14.660000,14.660000,829300,1.030942334739803
2019-10-14,14.620000,14.660000,14.180000,14.180000,14.180000,684400,1.0035385704175512
2019-10-15,14.200000,14.350000,14.020000,14.180000,14.180000,837100,1.0411160058737152
2019-10-16,14.050000,14.330000,13.770000,14.220000,14.220000,1491500,1.0077958894401136
2019-10-17,14.310000,14.323000,14.010000,14.130000,14.130000,980700,1.0209537572254337
2019-10-18,14.160000,14.200000,13.435000,13.620000,13.620000,1907600,0.9735525375268048
2019-10-21,13.750000,14.190000,13.650000,14.110000,14.110000,822000,0.9887876664330764
2019-10-22,14.200000,14.280000,13.780000,13.840000,13.840000,705200,0.9617790132036136
2019-10-23,13.890000,14.240000,13.750000,13.990000,13.990000,846700,0.9654934437543133
2019-10-24,14.050000,14.330000,13.980000,14.270000,14.270000,698800,0.9992997198879552
2019-10-25,14.250000,14.450000,14.040000,14.390000,14.390000,1510700,1.002787456445993
2019-10-28,14.450000,14.630000,14.310000,14.490000,14.490000,639800,1.016842105263158
2019-10-29,14.440000,14.480000,14.140000,14.280000,14.280000,533100,0.9827942188575362
2019-10-30,14.300000,14.510000,14.160000,14.350000,14.350000,506800,0.9910220994475137
2019-10-31,14.390000,14.480000,14.010000,14.250000,14.250000,671300,0.9753593429158112
2019-11-01,14.320000,14.670000,14.290000,14.530000,14.530000,616500,1.0062326869806093
2019-11-04,14.650000,15.000000,14.390000,14.480000,14.480000,776400,1.0090592334494775
2019-11-05,14.580000,14.680000,14.400000,14.610000,14.610000,567400,0.9993160054719562
2019-11-06,14.590000,15.030000,14.370000,14.440000,14.440000,1109300,0.9843217450579413
2019-11-07,14.560000,14.710000,14.195000,14.350000,14.350000,595500,0.9715639810426541
2019-11-08,14.240000,14.630000,14.070000,14.620000,14.620000,639400,0.9885057471264368
2019-11-11,14.500000,14.750000,14.370000,14.670000,14.670000,531600,1.000682128240109
2019-11-12,14.720000,15.160000,14.680000,14.770000,14.770000,727300,0.9717105263157895
2019-11-13,14.730000,14.810000,14.490000,14.790000,14.790000,706400,0.9926174496644294
2019-11-14,14.750000,14.970000,14.610000,14.660000,14.660000,464700,0.9670184696569921
2019-11-15,14.700000,15.220000,14.700000,15.200000,15.200000,876000,0.9806451612903225
2019-11-18,15.200000,15.200000,14.810000,14.900000,14.900000,711300,0.9575835475578406
2019-11-19,14.950000,15.420000,14.950000,15.160000,15.160000,739100,0.9812297734627832
2019-11-20,15.170000,15.670000,15.140000,15.500000,15.500000,1164900,0.9860050890585241
2019-11-21,15.510000,15.750000,15.320000,15.560000,15.560000,782500,0.9841872232764073
2019-11-22,15.670000,15.800000,15.340000,15.450000,15.450000,722900,0.9753787878787878
2019-11-25,15.540000,15.980000,15.540000,15.720000,15.720000,663400,0.986198243412798
2019-11-26,15.730000,16.170000,15.720000,15.810000,15.810000,991600,1.0511968085106385
2019-11-27,15.930000,16.000000,15.770000,15.840000,15.840000,519600,1.03125
2019-11-29,15.800000,16.129999,15.700000,15.940000,15.940000,324600,1.027061855670103
2019-12-02,15.950000,15.980000,15.000000,15.040000,15.040000,987400,0.9960264900662251
2019-12-03,14.620000,15.480000,14.580000,15.360000,15.360000,892600,1.0308724832214764
2019-12-04,15.480000,15.700000,15.110000,15.520000,15.520000,755200,1.003880983182406
2019-12-05,15.480000,15.515000,14.995000,15.100000,15.100000,1194600,1.0420979986197376
2019-12-06,15.250000,15.781000,14.720000,14.900000,14.900000,2299400,1.048557353976073
2019-12-09,15.030000,15.660000,14.940000,15.460000,15.460000,1100700,1.09180790960452
2019-12-10,15.300000,15.330000,14.410000,14.490000,14.490000,1905600,1.0218617771509169
2019-12-11,14.470000,14.500000,14.000000,14.210000,14.210000,1768800,1.0007042253521128
2019-12-12,14.170000,14.380000,14.000000,14.160000,14.160000,1477000,0.9909027291812457
2019-12-13,14.070000,14.550000,13.900000,14.180000,14.180000,1118200,0.969904240766074
2019-12-16,14.290000,14.460000,14.110000,14.200000,14.200000,899600,0.9895470383275261
2019-12-17,14.210000,14.430000,14.130000,14.290000,14.290000,1065300,0.993741307371349
2019-12-18,14.350000,14.660000,14.240000,14.620000,14.620000,1077200,1.0068870523415978
2019-12-19,14.600000,14.630000,14.260000,14.350000,14.350000,868200,1.000697350069735
2019-12-20,14.390000,14.450000,14.130000,14.380000,14.380000,1914600,1.000695894224078
2019-12-23,14.370000,14.690000,14.250000,14.520000,14.520000,973900,1.0218156228008444
2019-12-24,14.550000,14.559000,14.295000,14.340000,14.340000,461600,1.0141442715700142
2019-12-26,14.300000,14.450000,14.220000,14.370000,14.370000,741100,1.0027913468248428
2019-12-27,14.400000,14.400000,14.150000,14.210000,14.210000,914600,0.9627371273712738
2019-12-30,14.100000,14.200000,13.680000,14.140000,14.140000,1739500,0.9573459715639812
2019-12-31,14.050000,14.340000,14.050000,14.330000,14.330000,1130200,0.9768234492160872
2020-01-02,14.190000,14.850000,14.160000,14.760000,14.760000,1792600,1.0047651463580667
2020-01-03,14.560000,15.100000,14.500000,14.770000,14.770000,1104300,1.0075034106412004
2020-01-06,14.660000,14.730000,14.310000,14.670000,14.670000,2004800,0.9858870967741935
2020-01-07,14.740000,14.830000,14.510000,14.690000,14.690000,945600,0.9773785761809713
2020-01-08,14.670000,14.820000,14.610000,14.660000,14.660000,666500,0.9488673139158577
2020-01-09,14.840000,15.040000,14.710000,14.880000,14.880000,1037400,0.9700130378096481
2020-01-10,14.880000,15.080000,14.760000,15.030000,15.030000,1119900,0.9696774193548386
2020-01-13,15.100000,15.565000,14.930000,15.450000,15.450000,1581300,0.9865900383141762
2020-01-14,15.500000,15.600000,15.210000,15.340000,15.340000,943900,0.9993485342019545
2020-01-15,15.550000,15.900000,15.460000,15.500000,15.500000,1135600,1.0210803689064558
2020-01-16,15.800000,15.960000,15.560000,15.660000,15.660000,840000,1.0175438596491229
2020-01-17,15.750000,15.750000,15.255000,15.350000,15.350000,786600,0.9727503168567807
2020-01-21,15.340000,15.394000,15.055000,15.180000,15.180000,755300,0.9825242718446602
2020-01-22,15.270000,15.500000,15.270000,15.390000,15.390000,733800,1.0253164556962027
2020-01-23,15.400000,15.950000,15.260000,15.780000,15.780000,1685000,1.047808764940239
2020-01-24,15.880000,16.030001,15.280000,15.450000,15.450000,830700,1.0404040404040404
2020-01-27,15.000000,15.260000,14.918000,15.010000,15.010000,851100,1.0006666666666666
2020-01-28,15.150000,15.190000,14.760000,15.060000,15.060000,1232400,1.0210169491525425
2020-01-29,15.130000,15.230000,14.750000,14.850000,14.850000,892800,0.9693211488250653
2020-01-30,14.740000,15.020000,14.740000,15.000000,15.000000,535900,0.9410288582183187
2020-01-31,14.830000,14.940000,14.600000,14.750000,14.750000,805100,0.940089228808158
2020-02-03,14.760000,15.480000,14.760000,15.320000,15.320000,1212200,0.9671717171717172
2020-02-04,15.540000,16.400000,15.540000,15.940000,15.940000,1857200,1.0146403564608528
2020-02-05,16.160000,16.160000,15.300000,15.690000,15.690000,886900,0.990530303030303
2020-02-06,15.730000,16.080000,15.600000,15.840000,15.840000,921200,1.0179948586118253
2020-02-07,15.750000,15.840000,15.460000,15.710000,15.710000,660000,0.993046776232617
2020-02-10,15.600000,15.870000,15.570000,15.840000,15.840000,522500,0.9981096408317581
2020-02-11,15.930000,15.960000,15.510000,15.560000,15.560000,676400,0.9743268628678773
2020-02-12,15.710000,15.880000,15.500000,15.820000,15.820000,957700,0.9795665634674924
2020-02-13,15.720000,16.118999,15.720000,15.870000,15.870000,599400,0.9875544492843807
2020-02-14,15.870000,16.129999,15.860000,15.970000,15.970000,547500,0.9931592039800996
2020-02-18,15.860000,16.160000,15.570000,16.150000,16.150000,711500,1.0332693538067816
2020-02-19,16.240000,16.500000,16.010000,16.070000,16.070000,1267500,1.0720480320213475
2020-02-20,16.010000,16.389999,15.750000,16.080000,16.080000,698300,1.1444839857651243
2020-02-21,16.010000,16.010000,15.400000,15.630000,15.630000,1102000,1.1359011627906976
2020-02-24,14.950000,15.400000,14.707000,14.990000,14.990000,1545300,1.1399239543726236
2020-02-25,15.020000,15.095000,13.940000,14.050000,14.050000,1616000,1.061178247734139
2020-02-26,14.130000,14.290000,13.500000,13.760000,13.760000,2182900,1.0600924499229583
2020-02-27,13.250000,13.660000,12.870000,13.150000,13.150000,1740800,1.06737012987013
2020-02-28,12.630000,13.240000,12.310000,13.240000,13.240000,1759900,1.0575079872204474
2020-03-02,13.330000,13.450000,12.450000,12.980000,12.980000,2210200,1.0771784232365145
2020-03-03,12.990000,13.100000,12.210000,12.320000,12.320000,981300,1.072236727589208
2020-03-04,12.550000,12.680000,12.250000,12.520000,12.520000,913100,1.2143549951503394
2020-03-05,12.230000,12.480000,11.730000,12.050000,12.050000,1202900,1.0924750679963737
2020-03-06,11.670000,11.890000,11.200000,11.490000,11.490000,1414300,1.1536144578313252
2020-03-09,10.420000,11.140000,10.290000,10.310000,10.310000,1322100,1.20023282887078
2020-03-10,10.730000,11.050000,10.205000,11.030000,11.030000,1736200,1.4343302990897269
2020-03-11,10.660000,10.850000,9.820000,9.960000,9.960000,1170800,1.3852573018080667
2020-03-12,9.240000,9.450000,8.500000,8.590000,8.590000,2202900,1.0887198986058302
2020-03-13,7.080000,7.800000,6.210000,7.690000,7.690000,6335700,0.8818807339449541
2020-03-16,6.670000,7.650000,6.530000,7.190000,7.190000,5716300,0.8559523809523809
2020-03-17,7.460000,7.905000,7.300000,7.890000,7.890000,3626600,0.9740740740740741
2020-03-18,7.390000,9.000000,7.360000,8.720000,8.720000,2637700,1.0886392009987518
2020-03-19,8.740000,9.410000,8.220000,8.400000,8.400000,2380500,0.9882352941176471
2020-03-20,8.580000,8.780000,7.970000,8.100000,8.100000,2508100,0.9585798816568047
2020-03-23,8.110000,8.340000,7.690000,8.010000,8.010000,2442700,0.8880266075388027
2020-03-24,8.390000,8.690000,8.110000,8.500000,8.500000,1755400,1.0506798516687268
2020-03-25,8.510000,9.250000,8.300000,8.450000,8.450000,2651200,1.0023724792408066
2020-03-26,8.560000,9.150000,8.380000,9.020000,9.020000,2144100,1.1204968944099378
2020-03-27,8.750000,8.850000,7.950000,8.090000,8.090000,2255600,1.0345268542199488
2020-03-30,8.070000,8.450000,8.000000,8.430000,8.430000,1353300,1.0218181818181817
2020-03-31,8.370000,8.650000,8.010000,8.050000,8.050000,1769900,0.9781287970838396
2020-04-01,7.750000,8.190000,7.700000,7.820000,7.820000,1433100,0.8906605922551254
2020-04-02,7.190000,8.280000,7.190000,8.250000,8.250000,2522700,0.9763313609467457
2020-04-03,8.070000,8.400000,7.975000,8.230000,8.230000,1216700,0.9416475972540046
2020-04-06,8.500000,8.870000,8.320000,8.780000,8.780000,1461500,0.9627192982456141
2020-04-07,8.900000,9.050000,8.390000,8.450000,8.450000,1878600,0.8922914466737063
2020-04-08,8.540000,8.885000,8.350000,8.740000,8.740000,1683800,0.9085239085239086
2020-04-09,8.880000,9.260000,8.770000,9.120000,9.120000,1959100,0.9353846153846153
2020-04-13,9.170000,9.560000,9.000000,9.470000,9.470000,1565600,0.9123314065510597
2020-04-14,9.340000,9.800000,9.220000,9.620000,9.620000,1833600,0.9766497461928934
2020-04-15,9.360000,10.160000,9.245000,9.750000,9.750000,2336700,0.9898477157360407
2020-04-16,9.930000,10.605000,9.430000,10.380000,10.380000,3314400,1.1209503239740821
2020-04-17,10.580000,10.690000,9.850000,9.850000,9.850000,1391500,1.0423280423280423
2020-04-20,9.750000,10.240000,9.650000,9.850000,9.850000,898100,1.0292580982236155
2020-04-21,9.790000,9.890000,8.960000,9.260000,9.260000,1150300,0.9585921325051759
2020-04-22,9.480000,9.590000,9.080000,9.450000,9.450000,1046300,0.9112825458052073
2020-04-23,9.450000,9.930000,9.340000,9.570000,9.570000,968600,0.9175455417066156
2020-04-24,9.630000,9.720000,9.380000,9.660000,9.660000,1739200,0.8870523415977961
2020-04-27,9.780000,10.490000,9.780000,10.370000,10.370000,2157000,0.9810785241248816
2020-04-28,10.950000,11.090000,10.120000,10.430000,10.430000,1228400,1.0195503421309873
2020-04-29,10.610000,10.980000,10.500000,10.890000,10.890000,1204400,1.0666013712047013
2020-04-30,10.750000,10.960000,10.510000,10.570000,10.570000,1564300,1.053838484546361
2020-05-01,10.300000,10.330000,9.960000,10.230000,10.230000,832400,0.9780114722753346
2020-05-04,10.120000,10.480000,9.930000,10.210000,10.210000,1544300,0.9290263876251138
2020-05-05,10.400000,10.570000,9.960000,10.030000,10.030000,1574800,0.8907637655417406
2020-05-06,10.070000,10.580000,10.070000,10.460000,10.460000,1028600,0.9071986123156983
2020-05-07,10.650000,11.000000,10.590000,10.990000,10.990000,1707200,0.9564838990426457
2020-05-08,11.000000,11.440000,10.710000,11.260000,11.260000,1154400,1.0406654343807762
2020-05-11,11.200000,11.840000,11.000000,11.530000,11.530000,1385400,1.1194174757281552
2020-05-12,12.000000,12.390000,11.460000,11.490000,11.490000,1685400,1.0860113421550095
2020-05-13,11.500000,11.670000,10.640000,10.820000,10.820000,1369400,0.9972350230414747
2020-05-14,10.000000,10.500000,9.900000,10.300000,10.300000,1671600,0.9475620975160995
2020-05-15,10.290000,10.840000,10.190000,10.580000,10.580000,1766500,0.929701230228471
2020-05-18,10.920000,11.160000,10.660000,10.850000,10.850000,1313900,0.9559471365638766
2020-05-19,10.940000,11.180000,10.740000,10.870000,10.870000,857900,0.9013266998341625
2020-05-20,11.150000,11.530000,11.000000,11.380000,11.380000,1421200,0.9587194608256109
2020-05-21,11.310000,11.530000,11.120000,11.350000,11.350000,822300,0.9734133790737564
2020-05-22,11.540000,12.100000,11.400000,12.060000,12.060000,1247600,1.0729537366548043
2020-05-26,12.500000,12.580000,11.790000,11.870000,11.870000,1217700,0.9883430474604495
2020-05-27,12.000000,12.108000,10.930000,11.660000,11.660000,1455100,0.9510603588907015
2020-05-28,11.610000,11.910000,11.120000,11.240000,11.240000,1385300,0.9343308395677473
2020-05-29,11.220000,12.060000,11.220000,12.010000,12.010000,1468000,0.9539316918189039
2020-06-01,11.950000,12.500000,11.850000,12.260000,12.260000,1758000,0.9668769716088328
2020-06-02,12.400000,12.400000,11.760000,12.030000,12.030000,984900,0.9435294117647058
2020-06-03,12.400000,12.650000,12.060000,12.590000,12.590000,3654200,1.0277551020408162
2020-06-04,15.110000,15.110000,12.500000,12.680000,12.680000,11737300,1.0209339774557167
2020-06-05,12.830000,13.570000,12.520000,12.750000,12.750000,2699400,0.99609375
2020-06-08,12.850000,12.900000,12.030000,12.250000,12.250000,2554600,1.0390161153519932
2020-06-09,12.200000,12.590000,12.140000,12.420000,12.420000,1542000,1.0
2020-06-10,12.510000,13.450000,12.500000,12.800000,12.800000,2880600,0.9481481481481482
2020-06-11,12.330000,12.800000,11.725000,11.790000,11.790000,2145200,0.8851351351351351
2020-06-12,12.140000,12.640000,12.110000,12.420000,12.420000,2518700,0.9254843517138599
2020-06-15,12.680000,13.500000,12.540000,13.500000,13.500000,4995500,0.9985207100591716
2020-06-16,14.000000,14.040000,12.610000,13.320000,13.320000,4203600,1.0238278247501922
2020-06-17,13.370000,13.515000,13.200000,13.420000,13.420000,2144500,0.993338267949667
2020-06-18,13.390000,13.550000,13.220000,13.520000,13.520000,1639600,1.0134932533733134
2020-06-19,13.600000,13.600000,13.000000,13.010000,13.010000,3572100,1.0172009382329945
2020-06-22,13.070000,13.523000,13.020000,13.510000,13.510000,1718800,1.0289413556740288
2020-06-23,13.640000,13.640000,13.290000,13.340000,13.340000,1722300,1.0285273708558211
2020-06-24,13.170000,13.290000,12.700000,12.790000,12.790000,1632100,1.0199362041467304
2020-06-25,12.740000,13.150000,12.567000,13.130000,13.130000,1190600,1.0298039215686274
2020-06-26,13.190000,13.210000,12.670000,12.970000,12.970000,3107400,1.0046475600309839
2020-06-29,13.050000,13.130000,12.340000,12.540000,12.540000,1690900,0.9766355140186915
2020-06-30,12.540000,12.790000,12.440000,12.750000,12.750000,1083600,1.0015710919088767
2020-07-01,12.170000,13.040000,12.050000,12.910000,12.910000,2303400,1.0221694378463975
2020-07-02,13.110000,13.200000,12.780000,12.840000,12.840000,882400,1.0126182965299684
2020-07-06,12.850000,13.280000,12.600000,12.730000,12.730000,1337700,0.9914330218068537
2020-07-07,12.680000,12.990000,12.570000,12.630000,12.630000,1108300,1.0160901045856798
2020-07-08,12.750000,12.845000,12.409000,12.680000,12.680000,1452500,1.0874785591766722
2020-07-09,12.780000,12.940000,12.610000,12.840000,12.840000,1298000,1.1021459227467811
2020-07-10,12.800000,12.800000,12.390000,12.430000,12.430000,992600,1.032392026578073
2020-07-13,12.500000,12.530000,11.630000,11.660000,11.660000,1690100,0.9872988992379339
2020-07-14,11.530000,11.660000,11.055000,11.650000,11.650000,1268300,0.9864521591871296
2020-07-15,11.800000,12.110000,11.790000,12.040000,12.040000,1190700,0.990946502057613
2020-07-16,11.880000,11.990000,11.565000,11.810000,11.810000,1022100,0.990771812080537
2020-07-17,11.790000,11.930000,11.625000,11.810000,11.810000,864000,0.994107744107744
2020-07-20,11.810000,12.270000,11.730000,12.150000,12.150000,1106900,1.0235888795282224
2020-07-21,12.410000,12.410000,11.860000,11.920000,11.920000,841000,1.0347222222222223
2020-07-22,11.920000,12.100000,11.730000,11.880000,11.880000,661300,1.011925042589438
2020-07-23,11.850000,12.050000,11.670000,11.870000,11.870000,1164600,1.0430579964850615
2020-07-24,11.770000,11.829000,11.360000,11.520000,11.520000,726900,0.9965397923875432
2020-07-27,11.560000,11.780000,11.480000,11.740000,11.740000,497300,1.0325417766051013
2020-07-28,11.670000,11.708000,11.370000,11.380000,11.380000,620600,0.9776632302405498
2020-07-29,11.410000,11.593000,11.350000,11.560000,11.560000,704800,0.9780033840947546
2020-07-30,11.400000,11.465000,11.065000,11.370000,11.370000,802300,0.95787700084246
2020-07-31,11.530000,11.655000,11.150000,11.640000,11.640000,907300,0.9356913183279744
2020-08-03,11.670000,11.969000,11.550000,11.820000,11.820000,955600,0
2020-08-04,11.710000,11.910000,11.510000,11.870000,11.870000,694700,0
2020-08-05,11.960000,12.470000,11.940000,12.440000,12.440000,1569300,0
